{"cameraMode":{"drawMode":0,"name":"Shaded","section":"Shading Mode"},"sceneLighting":true,"audioPlay":false,"sceneViewState":{"showFog":false,"showMaterialUpdate":false,"showSkybox":false,"showFlares":false,"showImageEffects":false,"showParticleSystems":false},"in2DMode":false,"pivot":{"x":-2.6455142498016359,"y":5.776289939880371,"z":0.9361919164657593},"rotation":{"x":0.14910344779491425,"y":0.0264140497893095,"z":-0.003947865683585405,"w":0.9884918928146362},"size":1.3307147026062012,"orthographic":false}