{"cameraMode":{"drawMode":0,"name":"Shaded","section":"Shading Mode"},"sceneLighting":true,"audioPlay":false,"sceneViewState":{"showFog":false,"showMaterialUpdate":false,"showSkybox":false,"showFlares":false,"showImageEffects":false,"showParticleSystems":false},"in2DMode":false,"pivot":{"x":0.7597469687461853,"y":4.5315260887146,"z":1.2165966033935547},"rotation":{"x":-0.05075246840715408,"y":0.14390678703784944,"z":-0.007390182465314865,"w":-0.9882724285125732},"size":2.5970914363861086,"orthographic":false}