{"cameraMode":{"drawMode":0,"name":"Shaded","section":"Shading Mode"},"sceneLighting":true,"audioPlay":false,"sceneViewState":{"showFog":false,"showMaterialUpdate":false,"showSkybox":false,"showFlares":false,"showImageEffects":false,"showParticleSystems":false},"in2DMode":false,"pivot":{"x":-6.972784042358398,"y":3.4669928550720217,"z":9.143903732299805},"rotation":{"x":0.13095593452453614,"y":0.07548531144857407,"z":-0.009955373592674733,"w":0.9884935021400452},"size":3.2660250663757326,"orthographic":false}