{"cameraMode":{"drawMode":0,"name":"Shaded","section":"Shading Mode"},"sceneLighting":true,"audioPlay":false,"sceneViewState":{"showFog":false,"showMaterialUpdate":false,"showSkybox":false,"showFlares":false,"showImageEffects":false,"showParticleSystems":false},"in2DMode":false,"pivot":{"x":-1.2991414070129395,"y":5.384634017944336,"z":0.9451637268066406},"rotation":{"x":0.14015431702136994,"y":0.03683953732252121,"z":-0.00518150394782424,"w":0.9894607067108154},"size":1.2247449159622193,"orthographic":false}