{"cameraMode":{"drawMode":0,"name":"Shaded","section":"Shading Mode"},"sceneLighting":true,"audioPlay":false,"sceneViewState":{"showFog":false,"showMaterialUpdate":false,"showSkybox":false,"showFlares":false,"showImageEffects":false,"showParticleSystems":false},"in2DMode":false,"pivot":{"x":-2.5702145099639894,"y":2.0336267948150636,"z":0.29710450768470766},"rotation":{"x":-0.10437276214361191,"y":0.7751749753952026,"z":-0.13291218876838685,"w":-0.6087273359298706},"size":6.922560691833496,"orthographic":false}