{"cameraMode":{"drawMode":0,"name":"Shaded","section":"Shading Mode"},"sceneLighting":true,"audioPlay":false,"sceneViewState":{"showFog":false,"showMaterialUpdate":false,"showSkybox":false,"showFlares":false,"showImageEffects":false,"showParticleSystems":false},"in2DMode":false,"pivot":{"x":0.20074409246444703,"y":5.190639972686768,"z":0.9619194269180298},"rotation":{"x":-0.02398144267499447,"y":-0.686522364616394,"z":-0.022647488862276079,"w":0.7263869047164917},"size":0.29566437005996706,"orthographic":false}