{"cameraMode":{"drawMode":0,"name":"Shaded","section":"Shading Mode"},"sceneLighting":true,"audioPlay":false,"sceneViewState":{"showFog":false,"showMaterialUpdate":false,"showSkybox":false,"showFlares":false,"showImageEffects":false,"showParticleSystems":false},"in2DMode":false,"pivot":{"x":-0.22027814388275147,"y":5.371146202087402,"z":1.0920283794403077},"rotation":{"x":0.26764383912086489,"y":0.3772239089012146,"z":-0.11482436209917069,"w":0.8791680335998535},"size":1.4682989120483399,"orthographic":false}