{"cameraMode":{"drawMode":0,"name":"Shaded","section":"Shading Mode"},"sceneLighting":true,"audioPlay":false,"sceneViewState":{"showFog":false,"showMaterialUpdate":false,"showSkybox":false,"showFlares":false,"showImageEffects":false,"showParticleSystems":false},"in2DMode":false,"pivot":{"x":0.32600000500679018,"y":5.25499963760376,"z":0.5929999947547913},"rotation":{"x":0.30608823895454409,"y":0.6033324003219605,"z":-0.26943352818489077,"w":0.6853883266448975},"size":0.8682989478111267,"orthographic":false}