{"cameraMode":{"drawMode":0,"name":"Shaded","section":"Shading Mode"},"sceneLighting":true,"audioPlay":false,"sceneViewState":{"showFog":false,"showMaterialUpdate":false,"showSkybox":false,"showFlares":false,"showImageEffects":false,"showParticleSystems":false},"in2DMode":false,"pivot":{"x":-6.461270332336426,"y":3.599217414855957,"z":9.065218925476075},"rotation":{"x":0.11382906138896942,"y":0.13932625949382783,"z":-0.01607866957783699,"w":0.9835846424102783},"size":2.0660252571105959,"orthographic":false}