{"cameraMode":{"drawMode":0,"name":"Shaded","section":"Shading Mode"},"sceneLighting":true,"audioPlay":false,"sceneViewState":{"showFog":false,"showMaterialUpdate":false,"showSkybox":false,"showFlares":false,"showImageEffects":false,"showParticleSystems":false},"in2DMode":false,"pivot":{"x":0.7618371248245239,"y":5.397496223449707,"z":0.8897014260292053},"rotation":{"x":0.07336532324552536,"y":-0.6898040175437927,"z":0.07062484323978424,"w":0.7168278098106384},"size":0.17421075701713563,"orthographic":false}